{
  "em": 0.0,
  "es": 15.31,
  "id_em": 0.0,
  "id_precision": 6.429999999999999,
  "id_recall": 26.66,
  "id_f1": 10.361063765488062,
  "total": 466
}